"title","company","location","date_posted","skills","source","description"
"Software Engineer, Developer Experience","Notion","San Francisco, CA","2025-05-25","","LinkedIn","LinkedIn job posting for Software Engineer, Developer Experience at Notion. Location: San Francisco, CA."
"Software Engineer, Growth","Notion","San Francisco, CA","2025-05-25","","LinkedIn","LinkedIn job posting for Software Engineer, Growth at Notion. Location: San Francisco, CA."
"Software Engineer (L4) - Cloud Network Engineering","Netflix","United States","2025-05-25","","LinkedIn","LinkedIn job posting for Software Engineer (L4) - Cloud Network Engineering at Netflix. Location: United States."
"Software Engineer (New Grad Program)","Sigma","New York, NY","2025-05-25","","LinkedIn","LinkedIn job posting for Software Engineer (New Grad Program) at Sigma. Location: New York, NY."
"Software Engineer 5 - Web Discovery","Netflix","United States","2025-05-25","","LinkedIn","LinkedIn job posting for Software Engineer 5 - Web Discovery at Netflix. Location: United States."
"Software Engineer - Web","Plaid","United States","2025-05-25","","LinkedIn","LinkedIn job posting for Software Engineer - Web at Plaid. Location: United States."
"Systems Software Engineer L4","Netflix","United States","2025-05-25","","LinkedIn","LinkedIn job posting for Systems Software Engineer L4 at Netflix. Location: United States."
"Software Engineer, Core Product","Notion","San Francisco, CA","2025-05-25","","LinkedIn","LinkedIn job posting for Software Engineer, Core Product at Notion. Location: San Francisco, CA."
"Software Engineer","Twitch","Seattle, WA","2025-05-25","","LinkedIn","LinkedIn job posting for Software Engineer at Twitch. Location: Seattle, WA."
"Software Engineer, Front End","Meta","San Francisco, CA","2025-05-25","","LinkedIn","LinkedIn job posting for Software Engineer, Front End at Meta. Location: San Francisco, CA."
"Software Engineer, Marketplace","Lyft","San Francisco County, CA","2025-05-25","","LinkedIn","LinkedIn job posting for Software Engineer, Marketplace at Lyft. Location: San Francisco County, CA."
"Software Engineer - Fullstack","Plaid","San Francisco, CA","2025-05-25","","LinkedIn","LinkedIn job posting for Software Engineer - Fullstack at Plaid. Location: San Francisco, CA."
"Software Engineer (L5) - Member, Commerce & Games Engineering","Netflix","United States","2025-05-25","","LinkedIn","LinkedIn job posting for Software Engineer (L5) - Member, Commerce & Games Engineering at Netflix. Location: United States."
"Software Engineer, API","Headspace","United States","2025-05-25","API","LinkedIn","LinkedIn job posting for Software Engineer, API at Headspace. Location: United States."
"Software Engineer - Backend","Plaid","San Francisco, CA","2025-05-25","","LinkedIn","LinkedIn job posting for Software Engineer - Backend at Plaid. Location: San Francisco, CA."
"Software Engineer Frontend (Multiple Levels) - Slack","Slack","San Francisco, CA","2025-05-25","","LinkedIn","LinkedIn job posting for Software Engineer Frontend (Multiple Levels) - Slack at Slack. Location: San Francisco, CA."
"Software Engineer, Mail","Notion","New York, NY","2025-05-25","","LinkedIn","LinkedIn job posting for Software Engineer, Mail at Notion. Location: New York, NY."
"New Grad Software Engineer","Vapi","San Francisco, CA","2025-05-25","","LinkedIn","LinkedIn job posting for New Grad Software Engineer at Vapi. Location: San Francisco, CA."
"Software Engineer I","Disney Entertainment","New York, NY","2025-05-25","","LinkedIn","LinkedIn job posting for Software Engineer I at Disney Entertainment. Location: New York, NY."
"Software Engineer, Fullstack","CLEAR","New York, NY","2025-05-25","","LinkedIn","LinkedIn job posting for Software Engineer, Fullstack at CLEAR. Location: New York, NY."
"Full-Stack Software Engineer (New grad: United States)","Wanderlog","United States","2025-05-25","","LinkedIn","LinkedIn job posting for Full-Stack Software Engineer (New grad: United States) at Wanderlog. Location: United States."
"Full Stack Software Engineer","Walmart","Sunnyvale, CA","2025-05-25","","LinkedIn","LinkedIn job posting for Full Stack Software Engineer at Walmart. Location: Sunnyvale, CA."
"Software Engineer I (Intern) United States","Cisco","San Jose, CA","2025-05-25","","LinkedIn","LinkedIn job posting for Software Engineer I (Intern) United States at Cisco. Location: San Jose, CA."
"Software Development Engineer","CLEAR","Austin, TX","2025-05-25","","LinkedIn","LinkedIn job posting for Software Development Engineer at CLEAR. Location: Austin, TX."
"Software Engineer 5, Data Clean Room","Netflix","Seattle, WA","2025-05-25","","LinkedIn","LinkedIn job posting for Software Engineer 5, Data Clean Room at Netflix. Location: Seattle, WA."
"Software Engineer (L5), Content Engineering","Netflix","United States","2025-05-25","","LinkedIn","LinkedIn job posting for Software Engineer (L5), Content Engineering at Netflix. Location: United States."
"Software Engineer Intern/Co-op (Fall 2025)","Cohere","San Francisco, CA","2025-05-25","","LinkedIn","LinkedIn job posting for Software Engineer Intern/Co-op (Fall 2025) at Cohere. Location: San Francisco, CA."
"Software Engineer - Front-end","Lowe's Companies, Inc.","Charlotte, NC","2025-05-25","","LinkedIn","LinkedIn job posting for Software Engineer - Front-end at Lowe's Companies, Inc.. Location: Charlotte, NC."
"Software Engineer, Early Career 2025 Start","X, The Moonshot Factory","Mountain View, CA","2025-05-25","","LinkedIn","LinkedIn job posting for Software Engineer, Early Career 2025 Start at X, The Moonshot Factory. Location: Mountain View, CA."
"Software Engineer - Web","Rakuten Rewards","Center, IN","2025-05-25","","LinkedIn","LinkedIn job posting for Software Engineer - Web at Rakuten Rewards. Location: Center, IN."
"Software Development Engineer","Adobe","San Jose, CA","2025-05-25","","LinkedIn","LinkedIn job posting for Software Development Engineer at Adobe. Location: San Jose, CA."
"Software Development Engineer I 2025","Amazon","Redmond, WA","2025-05-25","","LinkedIn","LinkedIn job posting for Software Development Engineer I 2025 at Amazon. Location: Redmond, WA."
"Junior Software Development Engineer (Recent Graduate)","ShipperHQ","Austin, TX","2025-05-25","","LinkedIn","LinkedIn job posting for Junior Software Development Engineer (Recent Graduate) at ShipperHQ. Location: Austin, TX."
"Software engineer - UI","McAfee","Frisco, TX","2025-05-25","","LinkedIn","LinkedIn job posting for Software engineer - UI at McAfee. Location: Frisco, TX."
"Software Engineer - Associate P3","Morgan Stanley","New York, NY","2025-05-25","","LinkedIn","LinkedIn job posting for Software Engineer - Associate P3 at Morgan Stanley. Location: New York, NY."
"Junior Software Engineer","GigaML","San Francisco, CA","2025-05-25","","LinkedIn","LinkedIn job posting for Junior Software Engineer at GigaML. Location: San Francisco, CA."
"Fullstack Software Engineer","Hadrian","Los Angeles, CA","2025-05-25","","LinkedIn","LinkedIn job posting for Fullstack Software Engineer at Hadrian. Location: Los Angeles, CA."
"Software Engineer I","Cox Automotive Inc.","Austin, TX","2025-05-25","","LinkedIn","LinkedIn job posting for Software Engineer I at Cox Automotive Inc.. Location: Austin, TX."
"Software Engineer | Frontend","Ramp","New York, United States","2025-05-25","","LinkedIn","LinkedIn job posting for Software Engineer | Frontend at Ramp. Location: New York, United States."
"Software Engineer, New Graduate - Email","Twilio","United States","2025-05-25","","LinkedIn","LinkedIn job posting for Software Engineer, New Graduate - Email at Twilio. Location: United States."
"Software Developer","Oracle","Redwood City, CA","2025-05-25","Oracle","LinkedIn","LinkedIn job posting for Software Developer at Oracle. Location: Redwood City, CA."
"Software Engineer","Microsoft","United States","2025-05-25","","LinkedIn","LinkedIn job posting for Software Engineer at Microsoft. Location: United States."
"Software Development Engineer","Audible","Newark, NJ","2025-05-25","","LinkedIn","LinkedIn job posting for Software Development Engineer at Audible. Location: Newark, NJ."
"Software Engineer, Backend","McAfee","Frisco, TX","2025-05-25","","LinkedIn","LinkedIn job posting for Software Engineer, Backend at McAfee. Location: Frisco, TX."
"Software Engineer Apprentice","IBM","Lowell, MA","2025-05-25","","LinkedIn","LinkedIn job posting for Software Engineer Apprentice at IBM. Location: Lowell, MA."
"Frontend Software Engineer","OneClick.ai","Bellevue, WA","2025-05-25","AI","LinkedIn","LinkedIn job posting for Frontend Software Engineer at OneClick.ai. Location: Bellevue, WA."
"Software Engineer, UI","Tecton","San Francisco Bay Area","2025-05-25","","LinkedIn","LinkedIn job posting for Software Engineer, UI at Tecton. Location: San Francisco Bay Area."
"Senior Fullstack Software Engineer","Blotato","Remote","2025-05-10","","RemoteOK","Remote Senior Fullstack Software Engineer position at Blotato."
"Senior full stack engineer","Ideal Protein","Remote","2025-05-23","","RemoteOK","Remote Senior full stack engineer position at Ideal Protein."
"Senior Full Stack Developer","Zammad","Remote","2025-05-24","","RemoteOK","Remote Senior Full Stack Developer position at Zammad."
"Senior Software Engineer","Contra","Remote","2025-05-23","","RemoteOK","Remote Senior Software Engineer position at Contra."
"Senior Full Stack developer","Ringbook","Remote","2025-05-20","","RemoteOK","Remote Senior Full Stack developer position at Ringbook."
"Full Stack Software Engineer","Daisychain","Remote","2025-05-14","","RemoteOK","Remote Full Stack Software Engineer position at Daisychain."
"Javascript Fullstack Engineer Senior","Lumenalta","Remote","2025-05-09","JavaScript","RemoteOK","Remote Javascript Fullstack Engineer Senior position at Lumenalta."
"Mobile App Developer","CrazyGames","Remote","2025-05-06","","RemoteOK","Remote Mobile App Developer position at CrazyGames."
"Administrative Executive","Prime Design & Build","Remote","2025-04-19","","RemoteOK","Remote Administrative Executive position at Prime Design & Build."
"Senior Software Engineer","Emergent Software","Remote","2025-04-12","","RemoteOK","Remote Senior Software Engineer position at Emergent Software."
"Full Stack Developer","Incyte Studios","Remote","2025-04-06","","RemoteOK","Remote Full Stack Developer position at Incyte Studios."
"Senior PHP Laravel Developer Full Stack","Interaction Design Foundation","Remote","2025-03-23","Laravel, Php","RemoteOK","Remote Senior PHP Laravel Developer Full Stack position at Interaction Design Foundation."
"spoke person","labs ai","Remote","2025-03-11","AI","RemoteOK","Remote spoke person position at labs ai."
"Senior Data Engineer","Soda Data","Remote","2025-03-10","","RemoteOK","Remote Senior Data Engineer position at Soda Data."
"Sr Software Developer PHP MySQL","LendingWise","Remote","2025-03-11","Mysql, Php","RemoteOK","Remote Sr Software Developer PHP MySQL position at LendingWise."
"React Native Developer","Private.Ki","Remote","2025-03-05","React, React Native","RemoteOK","Remote React Native Developer position at Private.Ki."
"Intermediate Angular Developer","Revelator","Remote","2025-02-25","Angular","RemoteOK","Remote Intermediate Angular Developer position at Revelator."
"Senior Software Engineer Backend","Coinbase Developer Platform","Remote","2025-02-07","","RemoteOK","Remote Senior Software Engineer Backend position at Coinbase Developer Platform."
"Developer","Stoneridge Software","Remote","2025-01-22","","RemoteOK","Remote Developer position at Stoneridge Software."
"Software Engineer","Apple","San Francisco, CA","2025-05-11","Go, Kubernetes, Docker, AWS","Glassdoor (Demo)","Demo job description for testing purposes."
"Senior Software Engineer","Airbnb","San Francisco, CA","2025-05-16","Python, Machine Learning, TensorFlow, SQL","Glassdoor (Demo)","Demo job description for testing purposes."
"Product Manager","Uber","New York, NY","2025-05-04","Go, Kubernetes, Docker, AWS","Glassdoor (Demo)","Demo job description for testing purposes."
"Full Stack Developer","Spotify","Remote","2025-04-30","Go, Kubernetes, Docker, AWS","Glassdoor (Demo)","Demo job description for testing purposes."
"Senior Software Engineer","Tesla","Austin, TX","2025-05-04","Go, Kubernetes, Docker, AWS","Glassdoor (Demo)","Demo job description for testing purposes."
"Data Scientist","Uber","New York, NY","2025-05-08","Python, Django, PostgreSQL, AWS","Glassdoor (Demo)","Demo job description for testing purposes."
"Product Manager","Amazon","Seattle, WA","2025-05-19","Python, Machine Learning, TensorFlow, SQL","Glassdoor (Demo)","Demo job description for testing purposes."
"Data Scientist","Spotify","Remote","2025-05-15","Java, Spring, MySQL, Docker","Glassdoor (Demo)","Demo job description for testing purposes."
"Data Scientist","Netflix","Austin, TX","2025-05-05","Python, Machine Learning, TensorFlow, SQL","Glassdoor (Demo)","Demo job description for testing purposes."